{"sequence":[[1,0,0,0,0,0,0,0,0,0,1,0,0,0,0,0],[0,0,0,0,1,0,0,0,0,0,0,0,1,0,0,0],[0,0,0,0,0,0,0,0,0,0,0,0,0,0,1,0],[1,0,1,0,1,0,1,0,1,0,1,0,1,0,0,0],[32.703125,65.41,32.703125,0,0,0,0,49,98,49,0,0,0,0,82.41,0]],"title":"Way Out Man","tempo":120,"filterType":"bandpass","filterFrequency":1315,"distortion":27,"trackMix":[0.5,0.5,0.5,0.5],"pattern":"5eaa2d82e347d","filterFrequency":1742}